<?xml version="1.0" encoding="UTF-8"?>
<beans xmlns="http://www.springframework.org/schema/beans"
	xmlns:xsi="http://www.w3.org/2001/XMLSchema-instance"
	xsi:schemaLocation="http://www.springframework.org/schema/beans 
    http://www.springframework.org/schema/beans/spring-beans-3.2.xsd" >
	<import resource="applicationContext-base.xml" />
	<!-- 应用只需要配置一个AppContext -->
	<bean name="kiraAppContext" class="com.yihaodian.architecture.hedwig.provider.AppProfile">
		<property name="domainName" value="201-SOA"></property>
		<!--如果应用部署的Context Path在根路径下，则设置kira.server.serviceAppName为/ ,如果不是部署在根路径下，比如部署的contextPath为/aaa，则设置kira.server.serviceAppName为aaa -->
		<property name="serviceAppName" value="kira"></property>
		<!-- 如果应用部署的context-path不是/,而是在/serviceAppName下，则设置assembleAppName为true,否则设置assembleAppName为false -->
		<property name="assembleAppName" value="false"></property>
		<!-- 与web.xml中servlet-mapping中的url-pattern的值相同 -->
		<property name="urlPattern" value="remote"></property>
		<!-- 根据Application server 的端口修改-->
		<property name="port" value="8080"></property>
	</bean>
	<bean name="/centralScheduleService" class="com.yihaodian.architecture.kira.client.util.CentralScheduleServiceExporter">
		<property name="appProfile" ref="kiraAppContext"></property>
	</bean>
</beans>