<beans xmlns="http://www.springframework.org/schema/beans"
	xmlns:xsi="http://www.w3.org/2001/XMLSchema-instance"
	xsi:schemaLocation="http://www.springframework.org/schema/beans http://www.springframework.org/schema/beans/spring-beans-3.2.xsd">
<bean id="yhdScheduler"	class="com.yihaodian.architecture.kira.client.quartz.YHDSchedulerFactoryBean" lazy-init="false"  autowire="no" depends-on="kiraClientConfig">
		<property name="triggers">
			<list>
					<ref local="testSucess-Trigger" />
					<ref local="testFailed-Trigger" />
			</list>
		</property>
		<property name="quartzProperties">
			<props>
				<prop key="org.quartz.threadPool.threadCount">1</prop>
			</props>
		</property>
	</bean>
	<bean id="testSucess-Trigger" class="com.yihaodian.architecture.kira.client.quartz.YHDSimpleTriggerBean">
		<property name="jobDetail" ref="testSucess-JobDetail" />
		<property name="repeatInterval" value="30000" />
		<property name="version" value="0.0.1" />
		<property name="description" value="用于测试运行成功的定时任务." />
		<property name="disabled" value="true" />
	</bean>		
	<bean id="testFailed-Trigger" class="com.yihaodian.architecture.kira.client.quartz.YHDSimpleTriggerBean">
		<property name="jobDetail" ref="testFailed-JobDetail" />
		<property name="repeatInterval" value="60000" />
		<property name="version" value="0.0.1" />
		<property name="description" value="用于测试运行失败的定时任务." />
		<property name="disabled" value="true" />
	</bean>
	<bean id="testSucess-JobDetail"
class="com.yihaodian.architecture.kira.client.quartz.YHDMethodInvokingJobDetailFactoryBean">
		<property name="targetObject">
			<ref bean="otherService" />
		</property>
		<property name="targetMethod" value="testSucess"/>
	<property name="concurrent" value="false"/>
</bean>		
<bean id="testFailed-JobDetail" class="com.yihaodian.architecture.kira.client.quartz.YHDMethodInvokingJobDetailFactoryBean">
		<property name="targetObject">
			<ref bean="otherService" />
		</property>
		<property name="targetMethod" value="testFailed"/>
<property name="concurrent" value="false"/>
</bean>	
</beans>
