<beans xmlns="http://www.springframework.org/schema/beans"
	xmlns:xsi="http://www.w3.org/2001/XMLSchema-instance"
	xsi:schemaLocation="http://www.springframework.org/schema/beans http://www.springframework.org/schema/beans/spring-beans-3.2.xsd"
>
	<bean id="kiraClientConfig" class="com.yihaodian.architecture.kira.client.util.KiraClientConfig">
		<property name="appCenter" value="false" />
		<property name="waitForResourceTimeoutMillisecond" value="120000" />
		<property name="autoDeleteTriggersOnZK" value="true" />		
		<property name="visibilityLimited" value="false" />
		<property name="visibleForUsers" value="xxx" />
		<property name="sendAlarmEmail" value="true" />
		<property name="emailsToReceiveAlarm" value="xxx@xxx.com" />
		<property name="sendAlarmSMS" value="true" />
		<property name="phoneNumbersToReceiveAlarmSMS" value="" />
	</bean>

	<import resource="applicationContext-schedule.xml" />

</beans>
